<?xml version="1.0" encoding="utf-8"?>
<RegistrySettings clsid="{A3CCFC41-DFDB-43a5-8D26-0FE8B954DA51}"><Registry clsid="{9CD4B2F4-923D-47f5-A062-E897DD1DAD50}" name="SMB1" status="SMB1" image="10" changed="2018-02-06 19:35:26" uid="{22D74379-B12F-4C06-ABF3-50DD8CEE8637}" bypassErrors="1"><Properties action="C" displayDecimal="1" default="0" hive="HKEY_LOCAL_MACHINE" key="SYSTEM\CurrentControlSet\Services\LanmanServer\Parameters" name="SMB1" type="REG_DWORD" value="00000000"/></Registry>
	<Registry clsid="{9CD4B2F4-923D-47f5-A062-E897DD1DAD50}" name="WpadOverride" status="WpadOverride" image="10" changed="2018-02-06 19:35:46" uid="{07E8F58E-E166-4DF1-800F-D8CB666289E9}"><Properties action="C" displayDecimal="1" default="0" hive="HKEY_CURRENT_USER" key="Software\Microsoft\Windows\CurrentVersion\Internet Settings\Wpad" name="WpadOverride" type="REG_DWORD" value="00000001"/></Registry>
	<Registry clsid="{9CD4B2F4-923D-47f5-A062-E897DD1DAD50}" name="UseLogonCredential" status="UseLogonCredential" image="10" changed="2018-02-06 19:35:36" uid="{E2BD0B94-4B65-425D-9E84-17D49A97C008}"><Properties action="C" displayDecimal="1" default="0" hive="HKEY_LOCAL_MACHINE" key="SYSTEM\CurrentControlSet\Control\SecurityProviders\WDigest" name="UseLogonCredential" type="REG_DWORD" value="00000000"/></Registry>
	<Registry clsid="{9CD4B2F4-923D-47f5-A062-E897DD1DAD50}" name="SMB1" status="SMB1" image="12" changed="2018-02-06 19:36:02" uid="{8EE1EB67-461A-4963-BD6C-35EE1709C635}" bypassErrors="1"><Properties action="U" displayDecimal="1" default="0" hive="HKEY_LOCAL_MACHINE" key="SYSTEM\CurrentControlSet\Services\LanmanServer\Parameters" name="SMB1" type="REG_DWORD" value="00000000"/></Registry>
	<Registry clsid="{9CD4B2F4-923D-47f5-A062-E897DD1DAD50}" name="WpadOverride" status="WpadOverride" image="12" changed="2018-02-06 19:36:15" uid="{C61F0F9B-4DC4-4927-8004-A113BCBCBA4A}"><Properties action="U" displayDecimal="1" default="0" hive="HKEY_CURRENT_USER" key="Software\Microsoft\Windows\CurrentVersion\Internet Settings\Wpad" name="WpadOverride" type="REG_DWORD" value="00000001"/></Registry>
	<Registry clsid="{9CD4B2F4-923D-47f5-A062-E897DD1DAD50}" name="UseLogonCredential" status="UseLogonCredential" image="12" changed="2018-02-06 19:36:31" uid="{FBB08F8D-D92F-4A16-BA21-BB9A09122AAE}"><Properties action="U" displayDecimal="1" default="0" hive="HKEY_LOCAL_MACHINE" key="SYSTEM\CurrentControlSet\Control\SecurityProviders\WDigest" name="UseLogonCredential" type="REG_DWORD" value="00000000"/></Registry>
</RegistrySettings>
