<BackupInst xmlns="http://www.microsoft.com/GroupPolicy/GPOOperations/Manifest"><GPOGuid><![CDATA[{31B2F340-016D-11D2-945F-00C04FB984F9}]]></GPOGuid><GPODomain><![CDATA[vm.wrigleyville]]></GPODomain><GPODomainGuid><![CDATA[{51fcf7dc-9bd3-42fe-a2d8-8c1ac9b579bc}]]></GPODomainGuid><GPODomainController><![CDATA[DC01.vm.wrigleyville]]></GPODomainController><BackupTime><![CDATA[2018-02-08T19:20:05]]></BackupTime><ID><![CDATA[{C07D815E-AC30-4175-A097-1932BA8D3F91}]]></ID><Comment><![CDATA[GPOQualifiersV1.3]]></Comment><GPODisplayName><![CDATA[Default Domain Policy]]></GPODisplayName></BackupInst>
