<BackupInst xmlns="http://www.microsoft.com/GroupPolicy/GPOOperations/Manifest"><GPOGuid><![CDATA[{31B2F340-016D-11D2-945F-00C04FB984F9}]]></GPOGuid><GPODomain><![CDATA[vm.wrigleyville]]></GPODomain><GPODomainGuid><![CDATA[{51fcf7dc-9bd3-42fe-a2d8-8c1ac9b579bc}]]></GPODomainGuid><GPODomainController><![CDATA[DC01.vm.wrigleyville]]></GPODomainController><BackupTime><![CDATA[2018-02-08T05:18:34]]></BackupTime><ID><![CDATA[{E4617217-A3D5-415F-B003-D9A537A873E1}]]></ID><Comment><![CDATA[Version1.3]]></Comment><GPODisplayName><![CDATA[Default Domain Policy]]></GPODisplayName></BackupInst>
